firstName,lastName,email,birthday,nationality,accountUserType
Leola,Green,Flavio_Pfannerstill@hotmail.com,Sat Jan 01 2022 22:11:55 GMT+0100 (Central European Standard Time),KY,accountRepresentative
Natalie,Breitenberg,Yazmin.Stroman74@yahoo.com,Sun Oct 17 2021 14:01:57 GMT+0200 (Central European Summer Time),MA,accountRepresentative
Oral,Schulist,Lazaro_Friesen24@yahoo.com,Mon Aug 02 2021 18:04:48 GMT+0200 (Central European Summer Time),KI,accountRepresentative
Otha,Jacobi,Bradley_Armstrong@hotmail.com,Thu Jun 23 2022 01:59:37 GMT+0200 (Central European Summer Time),GP,accountRepresentative
Geraldine,Hickle,Maybell_Ratke@yahoo.com,Sun Aug 08 2021 21:29:30 GMT+0200 (Central European Summer Time),GY,accountBeneficialOwner
Abner,Rath,Danny43@yahoo.com,Sun Aug 08 2021 16:42:07 GMT+0200 (Central European Summer Time),NA,accountBeneficialOwner
Meredith,Prohaska,Felipe_Koepp@gmail.com,Sun Oct 03 2021 02:48:22 GMT+0200 (Central European Summer Time),PL,accountBeneficialOwner
Stacey,Rolfson,Toby.Volkman52@yahoo.com,Mon Mar 07 2022 22:22:52 GMT+0100 (Central European Standard Time),KG,accountRepresentative
Evans,Cormier,Russ.Mohr3@hotmail.com,Thu Apr 07 2022 17:31:52 GMT+0200 (Central European Summer Time),GE,accountBeneficialOwner
Hunter,Daniel,Jacques_Lesch@gmail.com,Thu Dec 02 2021 20:12:32 GMT+0100 (Central European Standard Time),RO,accountRepresentative
Trycia,Powlowski,Althea_Conroy65@yahoo.com,Thu Oct 21 2021 23:03:16 GMT+0200 (Central European Summer Time),IN,accountBeneficialOwner
Candice,Kutch,Laverne_Emmerich66@gmail.com,Wed Mar 30 2022 10:27:08 GMT+0200 (Central European Summer Time),JE,accountRepresentative
Hudson,Bode,Kamryn.Douglas87@gmail.com,Wed Nov 24 2021 02:09:38 GMT+0100 (Central European Standard Time),BF,accountRepresentative
Hazle,Schimmel,Ella_Stehr11@yahoo.com,Wed Nov 10 2021 21:48:38 GMT+0100 (Central European Standard Time),TW,accountRepresentative
Conrad,Block,Julian_Hilpert6@hotmail.com,Sat Jul 31 2021 23:24:45 GMT+0200 (Central European Summer Time),CK,accountRepresentative
Mozelle,VonRueden,Verner_King1@gmail.com,Mon Dec 27 2021 11:24:17 GMT+0100 (Central European Standard Time),FM,accountBeneficialOwner
Alessandro,Hayes,Arturo33@yahoo.com,Mon Jan 17 2022 18:45:37 GMT+0100 (Central European Standard Time),GU,accountRepresentative
Genoveva,Sawayn,Jayden.Bednar22@yahoo.com,Wed Feb 16 2022 17:51:59 GMT+0100 (Central European Standard Time),SC,accountBeneficialOwner
Tomasa,Hackett,Gerardo_Rodriguez8@gmail.com,Sat Jan 08 2022 17:29:10 GMT+0100 (Central European Standard Time),MA,accountBeneficialOwner
Kathryne,Gulgowski,Carmela_Willms75@hotmail.com,Fri Jul 30 2021 20:00:26 GMT+0200 (Central European Summer Time),CX,accountBeneficialOwner
Lisette,Schuster,Rosemarie14@gmail.com,Sun Sep 05 2021 22:05:42 GMT+0200 (Central European Summer Time),JE,accountBeneficialOwner
Juston,Hoppe,Bradly.Weimann@hotmail.com,Sat Jan 29 2022 05:18:03 GMT+0100 (Central European Standard Time),AX,accountBeneficialOwner
Augustine,Goodwin,Adrianna.Brown91@gmail.com,Thu Oct 28 2021 19:16:17 GMT+0200 (Central European Summer Time),BD,accountBeneficialOwner
Tomasa,Ledner,Aurelie.Armstrong@yahoo.com,Fri Oct 22 2021 10:16:45 GMT+0200 (Central European Summer Time),EC,accountRepresentative
Stefanie,Kub,Maybell.Nicolas@hotmail.com,Mon Jun 13 2022 07:06:56 GMT+0200 (Central European Summer Time),TJ,accountRepresentative
Rebekah,Hamill,Gillian41@yahoo.com,Mon Feb 21 2022 23:09:29 GMT+0100 (Central European Standard Time),TF,accountRepresentative
Mallory,Leuschke,Axel.Kling@yahoo.com,Thu Mar 03 2022 11:21:41 GMT+0100 (Central European Standard Time),UG,accountRepresentative
Gust,Kovacek,Wanda.Walter37@yahoo.com,Sat Apr 02 2022 17:00:20 GMT+0200 (Central European Summer Time),CX,accountBeneficialOwner
Tony,Christiansen,Gladys_Armstrong@hotmail.com,Sat Jul 24 2021 10:25:26 GMT+0200 (Central European Summer Time),TW,accountRepresentative
Marc,Strosin,Keven_Will@yahoo.com,Sun Jan 23 2022 12:19:57 GMT+0100 (Central European Standard Time),GF,accountBeneficialOwner
Florence,Donnelly,Peyton29@hotmail.com,Thu Nov 25 2021 04:11:24 GMT+0100 (Central European Standard Time),PE,accountRepresentative
Lee,Treutel,Johann_Crooks@yahoo.com,Mon May 09 2022 10:52:53 GMT+0200 (Central European Summer Time),MW,accountBeneficialOwner
Abbey,Stark,Phoebe_Kassulke25@yahoo.com,Thu Mar 10 2022 05:53:57 GMT+0100 (Central European Standard Time),MS,accountRepresentative
Brycen,Green,Abner12@hotmail.com,Tue Apr 05 2022 15:54:08 GMT+0200 (Central European Summer Time),PH,accountBeneficialOwner
Helmer,Olson,Meagan.Jacobi8@yahoo.com,Sun Mar 06 2022 07:33:59 GMT+0100 (Central European Standard Time),TK,accountRepresentative
Luna,Borer,Osvaldo87@gmail.com,Sun Mar 20 2022 20:17:11 GMT+0100 (Central European Standard Time),LT,accountBeneficialOwner
Destiney,Greenfelder,Eda29@yahoo.com,Wed Oct 06 2021 14:16:26 GMT+0200 (Central European Summer Time),VE,accountBeneficialOwner
Jimmy,Wuckert,Wyatt90@gmail.com,Mon Feb 21 2022 22:41:11 GMT+0100 (Central European Standard Time),NP,accountRepresentative
Monserrate,Heaney,Adah_Kovacek10@gmail.com,Wed Nov 03 2021 09:02:13 GMT+0100 (Central European Standard Time),UG,accountRepresentative
Marvin,Green,Heaven_Batz19@gmail.com,Fri Jan 07 2022 06:45:32 GMT+0100 (Central European Standard Time),BG,accountBeneficialOwner
Bailee,Schmidt,Timmy_Reilly@yahoo.com,Fri Nov 05 2021 21:04:05 GMT+0100 (Central European Standard Time),IN,accountBeneficialOwner
Davon,Buckridge,Reta_Wunsch@hotmail.com,Thu Mar 03 2022 12:55:53 GMT+0100 (Central European Standard Time),VU,accountBeneficialOwner
Jaquelin,Hirthe,Jorge.Schneider87@hotmail.com,Tue Oct 26 2021 10:20:52 GMT+0200 (Central European Summer Time),SD,accountBeneficialOwner
Tatum,Schmitt,Aaliyah_Schowalter13@gmail.com,Fri Nov 05 2021 02:09:49 GMT+0100 (Central European Standard Time),EC,accountBeneficialOwner
Mireya,Reichel,Kaitlin70@hotmail.com,Mon Mar 14 2022 20:18:16 GMT+0100 (Central European Standard Time),GH,accountBeneficialOwner
Domenick,Runolfsson,Paris.Dietrich@yahoo.com,Mon Sep 27 2021 15:02:29 GMT+0200 (Central European Summer Time),CR,accountBeneficialOwner
Anya,Donnelly,Jairo8@hotmail.com,Sun Dec 26 2021 23:45:22 GMT+0100 (Central European Standard Time),CH,accountRepresentative
Lazaro,McGlynn,Lorenza_Zemlak27@hotmail.com,Sun May 15 2022 15:02:19 GMT+0200 (Central European Summer Time),ME,accountBeneficialOwner
Leann,Carroll,Russel29@yahoo.com,Tue Jun 14 2022 02:28:11 GMT+0200 (Central European Summer Time),BV,accountBeneficialOwner
Nicolas,Reynolds,Wilhelm.Stehr74@gmail.com,Sat Dec 04 2021 04:03:59 GMT+0100 (Central European Standard Time),MH,accountBeneficialOwner
Karley,Zulauf,Estevan_Gislason1@gmail.com,Sat Jun 18 2022 08:01:54 GMT+0200 (Central European Summer Time),LR,accountBeneficialOwner
Ben,Funk,Sharon84@yahoo.com,Sat Mar 12 2022 02:11:01 GMT+0100 (Central European Standard Time),AZ,accountRepresentative
Antonina,Luettgen,Zoe97@hotmail.com,Sun Aug 15 2021 04:59:40 GMT+0200 (Central European Summer Time),MO,accountBeneficialOwner
Bernadette,Larson,Kristopher8@yahoo.com,Wed Jan 12 2022 19:35:11 GMT+0100 (Central European Standard Time),AI,accountBeneficialOwner
Avery,MacGyver,Nikita.Rau@gmail.com,Wed Dec 29 2021 14:00:55 GMT+0100 (Central European Standard Time),WF,accountBeneficialOwner
Jerrell,Padberg,Josie69@yahoo.com,Sun Apr 17 2022 13:46:30 GMT+0200 (Central European Summer Time),IO,accountRepresentative
Augusta,Dooley,Evelyn.Ernser46@hotmail.com,Fri Jun 10 2022 03:04:50 GMT+0200 (Central European Summer Time),ID,accountBeneficialOwner
Nikolas,Gislason,Thea.Armstrong1@hotmail.com,Fri Feb 04 2022 16:17:13 GMT+0100 (Central European Standard Time),HU,accountBeneficialOwner
Ezra,Lehner,Gage35@gmail.com,Wed Apr 20 2022 13:11:24 GMT+0200 (Central European Summer Time),WF,accountBeneficialOwner
Eladio,Daugherty,Damian_Lang83@hotmail.com,Tue Aug 10 2021 03:03:12 GMT+0200 (Central European Summer Time),TW,accountBeneficialOwner
Cloyd,Schultz,Aron14@yahoo.com,Mon Jun 13 2022 06:27:36 GMT+0200 (Central European Summer Time),RU,accountRepresentative
Jada,Mertz,Berta_Daugherty62@yahoo.com,Tue Oct 12 2021 22:42:43 GMT+0200 (Central European Summer Time),KI,accountBeneficialOwner
Telly,Gleason,Marjolaine84@hotmail.com,Tue Mar 01 2022 21:33:10 GMT+0100 (Central European Standard Time),AS,accountRepresentative
Lionel,Wyman,Elliott_Ullrich50@hotmail.com,Fri Jan 07 2022 01:44:50 GMT+0100 (Central European Standard Time),GY,accountRepresentative
Theodore,Howe,Maxine.Hintz@hotmail.com,Fri Feb 18 2022 07:25:09 GMT+0100 (Central European Standard Time),LB,accountRepresentative
Elfrieda,Zulauf,Ben_Pagac@yahoo.com,Sun Apr 17 2022 22:37:30 GMT+0200 (Central European Summer Time),SN,accountRepresentative
Eileen,Bogisich,Elisabeth_Greenholt@hotmail.com,Thu Mar 10 2022 12:40:29 GMT+0100 (Central European Standard Time),CO,accountRepresentative
Ebba,Herzog,Nadia_Dibbert@hotmail.com,Thu Aug 12 2021 05:15:56 GMT+0200 (Central European Summer Time),HU,accountBeneficialOwner
Roxane,Hudson,Pasquale6@yahoo.com,Tue Feb 01 2022 09:38:14 GMT+0100 (Central European Standard Time),TH,accountRepresentative
Duane,Schuppe,Emanuel29@yahoo.com,Tue Apr 19 2022 10:20:35 GMT+0200 (Central European Summer Time),EH,accountBeneficialOwner
Arno,Ortiz,Timmy19@yahoo.com,Fri Jun 10 2022 00:16:21 GMT+0200 (Central European Summer Time),TD,accountBeneficialOwner
Jared,Donnelly,Hassie.Spencer29@yahoo.com,Sun Aug 22 2021 06:12:16 GMT+0200 (Central European Summer Time),TL,accountBeneficialOwner
Giovani,Schneider,Gerry80@gmail.com,Thu Jul 14 2022 16:15:09 GMT+0200 (Central European Summer Time),HU,accountBeneficialOwner
Clay,O'Connell,Lexie.Cummerata@yahoo.com,Sat Dec 04 2021 21:21:10 GMT+0100 (Central European Standard Time),CL,accountRepresentative
Adela,Dooley,Afton32@yahoo.com,Tue Jun 14 2022 14:59:23 GMT+0200 (Central European Summer Time),TL,accountBeneficialOwner
Lottie,Kuhn,Tyler_Kuphal3@yahoo.com,Tue Feb 15 2022 14:39:07 GMT+0100 (Central European Standard Time),LT,accountRepresentative
Toney,Gerlach,Reyna.Jones19@yahoo.com,Mon Nov 15 2021 06:39:24 GMT+0100 (Central European Standard Time),IS,accountBeneficialOwner
Efren,Koss,Janet_Crist18@yahoo.com,Wed Jun 15 2022 16:15:09 GMT+0200 (Central European Summer Time),YE,accountRepresentative
Effie,Upton,Keyshawn34@hotmail.com,Tue Aug 24 2021 06:47:15 GMT+0200 (Central European Summer Time),AU,accountRepresentative
Donald,Hirthe,Valentin_King@yahoo.com,Tue Dec 21 2021 15:26:27 GMT+0100 (Central European Standard Time),LR,accountBeneficialOwner
Major,Ziemann,Amie.Jaskolski84@yahoo.com,Fri Feb 11 2022 15:57:35 GMT+0100 (Central European Standard Time),SN,accountBeneficialOwner
Jovany,Dibbert,Rigoberto.West91@hotmail.com,Wed Apr 13 2022 08:08:08 GMT+0200 (Central European Summer Time),PG,accountRepresentative
Hollie,Klein,Jazmyne_Jakubowski11@yahoo.com,Sat May 07 2022 00:07:32 GMT+0200 (Central European Summer Time),AS,accountRepresentative
Concepcion,Hagenes,Helene97@hotmail.com,Fri Jan 07 2022 17:59:34 GMT+0100 (Central European Standard Time),GR,accountRepresentative
Maybell,Rohan,Evelyn.Dietrich@hotmail.com,Sat Jun 25 2022 23:30:53 GMT+0200 (Central European Summer Time),BZ,accountRepresentative
Ismael,Friesen,Jackeline.Dibbert82@yahoo.com,Wed Dec 15 2021 12:17:00 GMT+0100 (Central European Standard Time),LR,accountRepresentative
Octavia,Medhurst,Cleta_Lubowitz@hotmail.com,Tue Feb 22 2022 23:32:59 GMT+0100 (Central European Standard Time),AF,accountBeneficialOwner
Kyra,Bartoletti,Heaven11@gmail.com,Tue Jun 14 2022 18:19:02 GMT+0200 (Central European Summer Time),ST,accountRepresentative
Loyal,Abernathy,Kay.Weissnat5@gmail.com,Thu Sep 23 2021 04:19:20 GMT+0200 (Central European Summer Time),AD,accountRepresentative
Deanna,Windler,Crawford41@gmail.com,Fri Feb 25 2022 03:44:22 GMT+0100 (Central European Standard Time),GP,accountBeneficialOwner
Adalberto,Leannon,Wyatt_Sawayn@hotmail.com,Sat Dec 04 2021 02:20:38 GMT+0100 (Central European Standard Time),FI,accountBeneficialOwner
Dora,Hyatt,Anita_Sauer@yahoo.com,Tue Mar 08 2022 03:51:27 GMT+0100 (Central European Standard Time),SC,accountRepresentative
Jakayla,Crooks,Levi_Skiles27@gmail.com,Thu Oct 07 2021 20:34:32 GMT+0200 (Central European Summer Time),PW,accountRepresentative
Horace,Bosco,Jed21@yahoo.com,Wed Sep 08 2021 22:48:55 GMT+0200 (Central European Summer Time),MQ,accountBeneficialOwner
Kara,D'Amore,Summer_Prosacco@yahoo.com,Sat May 14 2022 12:55:25 GMT+0200 (Central European Summer Time),KE,accountRepresentative
Amalia,Crona,Brycen_Stark18@gmail.com,Mon Feb 21 2022 01:58:32 GMT+0100 (Central European Standard Time),KH,accountRepresentative
Napoleon,Wolf,Gunnar86@yahoo.com,Thu Aug 19 2021 08:07:59 GMT+0200 (Central European Summer Time),KW,accountRepresentative
Ramona,Goldner,Elise39@yahoo.com,Wed Oct 20 2021 03:58:50 GMT+0200 (Central European Summer Time),KE,accountRepresentative
Giuseppe,Ebert,Lazaro_Glover23@yahoo.com,Sat Dec 18 2021 20:24:34 GMT+0100 (Central European Standard Time),RO,accountBeneficialOwner
Leilani,Ledner,Destini.Schmitt@gmail.com,Mon Jun 06 2022 16:11:21 GMT+0200 (Central European Summer Time),LY,accountRepresentative