firstName,lastName,phone,email
Alvena,Keeling,(669) 466-3942,Jess_Miller97@gmail.com
Montana,Nader,793.714.2249 x586,Grant.Johnson@gmail.com
Berenice,Breitenberg,(808) 294-4295 x5260,Cleo_Ernser@hotmail.com
Kira,Goyette,974-519-9648,Abby10@gmail.com
Jared,Greenfelder,(898) 613-6256,Milan_Runte@yahoo.com
Freida,Cummerata,925-353-3393,Braxton.Smitham62@yahoo.com
Rahsaan,Hand,283-229-7866 x57947,Jeff19@gmail.com
Alfredo,Schiller,603-338-2079 x8732,Will54@yahoo.com
Brant,Marquardt,312.674.1459 x024,Travon.Heidenreich@yahoo.com
Buddy,Harris,(904) 474-2000 x66932,Shad60@gmail.com
Ruby,Nolan,981.751.1128,Jordy.Denesik@yahoo.com
Mitchel,Mayer,1-313-703-0619 x2541,Dillon_Lang49@gmail.com
Randy,Jast,1-887-778-3360,Jasen36@hotmail.com
Aurore,Anderson,(249) 579-0169 x479,Delbert28@gmail.com
Conor,Stracke,556-248-4389,Roger.Dibbert@gmail.com
Viva,Bode,(302) 578-0674 x9095,Seth_Nicolas@yahoo.com
Herta,Nitzsche,1-520-617-4498,Ali.Ortiz@gmail.com
Jalen,Ondricka,536-618-3186 x19583,Alisha26@gmail.com
Scarlett,Schuster,1-822-861-3268 x462,Stefanie.Kovacek@yahoo.com
Elwin,Auer,772-997-4287 x657,Anita_McLaughlin30@gmail.com
Verla,Crona,632.577.3016 x0653,Samir43@gmail.com
Natalia,Spencer,397.555.0493 x8311,Elmira.Moen77@yahoo.com
Melisa,Cummings,420.874.7855 x5662,Effie.Terry92@yahoo.com
Izaiah,Osinski,518.681.0949,Otho_Franecki42@gmail.com
Kathleen,McDermott,868.330.2189 x6136,Kaela37@gmail.com
Rahsaan,Fadel,249-231-7828 x706,Jessy.McKenzie26@hotmail.com
Eulalia,Nienow,1-454-686-0476 x794,Consuelo.Willms@gmail.com
Victor,Mraz,(254) 326-7392,Morgan_Welch9@gmail.com
Shanie,Adams,683-675-2965,Clovis_MacGyver73@yahoo.com
Elwyn,Gislason,207-619-8310,Lee_Ankunding82@gmail.com
Jailyn,Murazik,379-842-0789,Alexie.Hansen34@gmail.com
Sarina,Schneider,420-261-7569 x88015,Mario_Oberbrunner40@yahoo.com
Izabella,Prosacco,(441) 675-9723,Ebony38@hotmail.com
Trinity,Haag,550-890-1593,Roxane_Rempel@yahoo.com
Aidan,Friesen,427-204-8198,Bart0@yahoo.com
Damian,Funk,(850) 612-8043,Adrienne_Roob@hotmail.com
Coleman,Fisher,1-224-379-5709 x55003,Myrtie_Wuckert61@gmail.com
Chanelle,Hessel,278-468-9533 x824,Monserrat_Wuckert@yahoo.com
Edna,Bartell,1-998-309-3353 x03423,Larissa58@hotmail.com
Jovany,Gerhold,248.689.4483,Berta23@yahoo.com
Rory,Mertz,478.317.5953 x419,Frankie17@hotmail.com
Modesto,Aufderhar,848.849.7562,Beau.Fahey66@yahoo.com
Emma,Hamill,(877) 697-7304,Calista.Macejkovic@yahoo.com
Joannie,Funk,1-518-269-9997,Gilda.Schmitt@hotmail.com
Allene,Hudson,273-617-5156,Stella_Erdman@hotmail.com
Stanford,Watsica,875-850-4146,Hans42@yahoo.com
Jeanne,Lynch,(472) 603-9428 x8252,Berenice.Conn82@gmail.com
Casey,Zieme,1-914-346-3701 x18081,Daphne27@gmail.com
Vernice,Crist,831.706.1476,Tyson.Lind29@hotmail.com
Lupe,Hauck,308-293-5693 x88775,Kiley_Schroeder@gmail.com
Miller,Koepp,1-917-987-0160 x291,Lenore23@hotmail.com
Ettie,Botsford,358-578-6563,Jayden_Waters63@yahoo.com
Creola,Parker,(551) 544-7680,Hannah_Jenkins@yahoo.com
Darrick,Yundt,494-531-6341 x048,Hailie.Schultz@hotmail.com
Cathrine,Wintheiser,854-665-4973 x6528,Marcella_Kassulke@gmail.com
Greta,Roberts,310-844-0606 x803,Granville_Bode6@gmail.com
Jerad,Klocko,1-502-727-3340 x52084,Sienna_Baumbach@gmail.com
Wilton,Cole,933.774.8964,Ariane.DuBuque@yahoo.com
Julio,Abshire,(834) 385-4642 x544,Kennith52@hotmail.com
Gilda,Quitzon,231.610.9231 x573,Golden16@yahoo.com
Horacio,Haag,(558) 836-8399 x22596,Hassan.Larson20@gmail.com
Leilani,Lehner,932.956.2339,Yadira.Sanford@yahoo.com
Sylvester,Schmeler,1-395-453-9689 x399,Birdie.Turner50@hotmail.com
Lazaro,Marquardt,797-494-4552,Bernadine_Fritsch54@yahoo.com
Dylan,Leannon,1-783-827-6111 x5549,Selina.DAmore94@yahoo.com
Christian,Pagac,882-640-0300,Marlin_Dare@yahoo.com
Kasey,Torp,555.645.3534 x575,April.Zboncak60@hotmail.com
Alivia,Keeling,1-654-866-5257,Mustafa61@gmail.com
Evan,Kemmer,1-209-448-1623,Lisandro.Koepp73@hotmail.com
Jude,Nader,1-974-636-4170 x90060,Annamae.Gleichner5@hotmail.com
Chad,Welch,(282) 369-8442,Simeon41@hotmail.com
Lottie,Aufderhar,(384) 983-3373 x4200,Carolyne.Jacobs12@yahoo.com
Vallie,Durgan,617.596.2985 x4028,Marcel_Collins84@yahoo.com
Esperanza,Schaefer,1-864-464-8278,Ervin.Stroman53@hotmail.com
Vivienne,Okuneva,527.452.0773,Lacey.Kuhlman@hotmail.com
Abigail,Emard,265-922-8021,Cruz_Moen32@yahoo.com
Demetrius,Monahan,529-846-1973 x44525,Felton.Pollich91@hotmail.com
Gilda,Ferry,302.611.5675 x6161,Bennie_Franecki5@yahoo.com
Luigi,Morissette,914.200.2968,Jacey_Baumbach42@gmail.com
Myrtice,Bartoletti,357-241-0607 x04516,Evelyn87@yahoo.com
Carley,Nolan,722-313-0645 x313,Buster88@gmail.com
Noe,Olson,250-985-9841 x70457,Marta28@gmail.com
Roma,Bruen,(205) 972-0488 x187,Bonnie_Bauch89@hotmail.com
Theodore,Bradtke,1-497-455-1084,Rory49@yahoo.com
Vada,Boyle,1-274-746-8641 x60868,Daisy.Osinski72@gmail.com
Jessica,Schmitt,729.532.6771,Noble.Little@hotmail.com
Dianna,Keeling,464-989-0295 x53573,Adele.Fritsch63@yahoo.com
Amelie,Carroll,(599) 841-1340 x2350,Clint10@gmail.com
Isom,Nikolaus,389-588-0287 x32836,Jed33@hotmail.com
Alford,Christiansen,336.354.8626 x100,Lavinia73@gmail.com
Makenzie,Strosin,(218) 994-8059 x2520,Ricky7@gmail.com
Shemar,Trantow,830.341.0411,Jannie.Hessel@yahoo.com
Liana,Crona,1-677-698-3063 x38197,Julius73@yahoo.com
Izaiah,Wisozk,(319) 910-3979,Nicolette.Mueller@gmail.com
Beryl,Ledner,1-565-993-6064,Cora.Tillman@gmail.com
Osbaldo,Cartwright,503-415-1141 x932,Nyah98@gmail.com
Katlynn,McLaughlin,1-436-626-9176 x745,Kian.Nikolaus66@gmail.com
Ernest,Goodwin,1-680-828-5754,Cleve.Greenholt@hotmail.com
Julia,Rodriguez,(329) 403-7370,Benedict.Mayert98@hotmail.com
Hanna,Wintheiser,(975) 483-6274,Blanca60@hotmail.com